5,Sierra,Ray,facilisis@risusDonec.com,2022-03-07,2022-03-07,09:00,10:00
2,Risa,Whitaker,orci.adipiscing.non@Morbisitamet.edu,2022/08/22,2022/08/22,07:30,08:30
6,Sopoline,Chang,eget.odio.Aliquam@FuscemollisDuis.edu,2022-01-24,2022-01-24,12:30,13:45
5,Beck,Herman,metus@Nuncpulvinararcu.com,2023-01-03,2023-01-03,11:40,13:30
6,Rhiannon,Fletcher,id@porttitorscelerisque.com,2023-11-03,2023-11-03,10:15,15:15
2,Georgia,Casey,dictum.cursus@placerateget.ca,2022-02-28,2022-02-28,10:00,10:55
3,Vladimir,Mcmillan,fringilla.mi@porttitortellusnon.com,2023-09-14,2023-09-14,08:15,18:15
8,Zachary,Gaines,aliquam.iaculis@tinciduntnibh.org,2022-11-30,2022-11-30,09:15,11:30
2,Cassandra,May,ipsum.cursus@magnamalesuadavel.ca,2022-09-14,2022-09-14,10:25,10:45
3,Aimee,Hendricks,scelerisque.lorem@Proin.ca,2023-06-02,2023-06-02,10:30,16:00
