1, 5, Sierra, Ray, facilisis@risusDonec.com, 07/03/22 09:00:00, 07/03/22 10:00:00,
2, 2, Risa, Whitaker, orci.adipiscing.non@Morbisitamet.edu, 20/08/22 07:30:00, 20/08/22 08:30:00,
3, 6, Sopoline, Chang, eget.odio.Aliquam@FuscemollisDuis.edu, 22/01/24 12:30:00, 22/01/24 13:45:00,
4, 5, Beck, Herman, metus@Nuncpulvinararcu.com, 03/01/23 11:40:00, 03/01/23 13:30:00,
5, 6, Rhiannon, Fletcher, id@porttitorscelerisque.com, 03/11/23 10:15:00, 03/11/23 15:15:00,
6, 2, Georgia, Casey, dictum.cursus@placerateget.ca, 28/02/22 10:00:00, 28/02/22 10:55:00,
7, 3, Vladimir, Mcmillan, fringilla.mi@porttitortellusnon.com, 14/09/23 08:15:00, 14/09/23 18:15:00,
8, 8, Zachary, Gaines, aliquam.iaculis@tinciduntnibh.org, 30/11/22 09:15:00, 30/11/22 11:30:00,
9, 2, Cassandra, May, ipsum.cursus@magnamalesuadavel.ca, 14/09/22 10:25:00,  14/09/22 10:45:00,
10, 3, Aimee, Hendricks, scelerisque.lorem@Proin.ca, 02/06/23 10:30:00, 02/06/23 16:00:00,
11,6,wojdhsh,tgrtgr,wojciech.pokoj@accenture.com,"01/07/22 13:09:00","02/07/22 13:09:00"
12,6,3re,tgrtgr,dsdsd,"06/08/22 13:17:00","07/08/22 13:17:00"
13,8,Wojciech,Pokoj,wojciech.pokoj@accenture.com,"13/09/22 13:54:00","13/09/22 15:54:00"
14,6,dasd,sads,wojciech.pokoj@accenture.com,"22/11/22 15:37:00","23/11/22 15:38:00"
0,6,3re,tgrtgr,wojciech.com,"22/07/22 12:06:00","23/07/22 12:06:00"
0,6,3re,tgrtgr,wojciech.com,"22/07/22 12:06:00","23/07/22 12:06:00"
0,5,TEST,TEST,TEST,"26/07/22 13:17:00","27/07/22 13:17:00"
0,8,TEST2,TEST2,TEST2,"01/07/22 14:57:00","02/07/22 14:57:00"
